Top Stories,pubDate
 State of the European Union Debate 2021  Addressing Europeans' concerns,"Mon, 13 Sep 2021 13:03:26 GMT"
" Digital transformation in the EU  Benefitting people, the economy and the environment","Wed, 05 May 2021 16:59:54 GMT"
 LUX Audience Award 2021  The best of European cinema,"Wed, 05 May 2021 09:43:17 GMT"
 The future is in your hands  Conference on the Future of Europe,"Tue, 20 Apr 2021 09:53:02 GMT"
 International Women’s Day 2021  Women leading the fight against Covid19,"Mon, 01 Mar 2021 16:42:04 GMT"
 Vaccines against Covid19  Ensuring safe vaccines for EU citizens,"Tue, 26 Jan 2021 11:33:03 GMT"
 Artificial intelligence and big data  Building trust and boosting innovation,"Thu, 22 Oct 2020 13:26:38 GMT"
 Sakharov Prize 2020  The democratic opposition in Belarus,"Thu, 22 Oct 2020 13:21:30 GMT"
 Changes in the European Commission 2020  MEPs assess Mairead McGuinness and Valdis Dombrovskis,"Fri, 25 Sep 2020 15:11:45 GMT"
 The EU's response to the coronavirus  Addressing the Covid19 outbreak,"Mon, 21 Sep 2020 09:55:44 GMT"
